Duration,x^0,x^1,x^2,x^3,x^4,x^5,x^6,x^7,y^0,y^1,y^2,y^3,y^4,y^5,y^6,y^7,z^0,z^1,z^2,z^3,z^4,z^5,z^6,z^7,yaw^0,yaw^1,yaw^2,yaw^3,yaw^4,yaw^5,yaw^6,yaw^7
4.4732,-1.26941,0,0,0,0.10014,-0.0436503,0.0070367,-0.0004025,5.22235,0,0,0,-0.759471,0.389406,-0.070346,0.00439968,5.77334,0,0,0,0.412232,-0.191537,0.0323512,-0.00192768,0,0,0,0,0,0,0,0
3.12805,2.59728,1.51233,0.0746602,0.013808,0.712702,-0.582853,0.159641,-0.0148066,-7.33692,-1.55385,0.361224,0.0547836,0.440115,-0.25906,0.0538774,-0.00394485,17.8803,3.68875,-0.156607,-0.050081,0.0338318,-0.165143,0.0671891,-0.00755158,0,0,0,0,0,0,0,0
4.04785,8.32454,0.388993,-0.206573,0.0082816,-0.621182,0.374595,-0.0777388,0.00551177,-3.52086,3.12692,-0.0129086,-0.0249799,0.0382389,-0.0513466,0.01443,-0.00120494,20.9491,-2.4622,-0.187809,0.0389576,-0.531238,0.345256,-0.0750551,0.00548628,0,0,0,0,0,0,0,0
