Duration,x^0,x^1,x^2,x^3,x^4,x^5,x^6,x^7,y^0,y^1,y^2,y^3,y^4,y^5,y^6,y^7,z^0,z^1,z^2,z^3,z^4,z^5,z^6,z^7,yaw^0,yaw^1,yaw^2,yaw^3,yaw^4,yaw^5,yaw^6,yaw^7
4.13554,-1.69293,0,0,0,0.0285158,-0.0132519,0.00229861,-0.000143233,13.4268,0,0,0,-0.348743,0.183932,-0.0352585,0.00237735,0.113296,0,0,0,0.238715,-0.124071,0.0235662,-0.00158013,0,0,0,0,0,0,0,0
4.11195,-0.846463,0.35397,6.79487e-15,-0.00950847,0.0110549,-0.00814236,0.00196505,-0.00015271,6.71341,-2.31536,4.86708e-15,0.150826,-0.302574,0.168785,-0.0349914,0.00249283,5.05665,1.79014,3.31622e-14,-0.111059,0.198275,-0.110865,0.023155,-0.00165922,0,0,0,0,0,0,0,0
