Duration,x^0,x^1,x^2,x^3,x^4,x^5,x^6,x^7,y^0,y^1,y^2,y^3,y^4,y^5,y^6,y^7,z^0,z^1,z^2,z^3,z^4,z^5,z^6,z^7,yaw^0,yaw^1,yaw^2,yaw^3,yaw^4,yaw^5,yaw^6,yaw^7
1.02219,0.078684,0,0,0,-0.314907,0.559623,-0.370953,0.088412,0.358175,0,0,0,-1.43348,2.54744,-1.68861,0.402457,1.19892,0,0,0,7.20823,-12.8098,8.49115,-2.02376,0,0,0,0,0,0,0,0
1.02219,0.039342,-0.0683665,-6.43101e-16,0.0141329,-0.0363383,0.224484,-0.261666,0.088412,0.179088,-0.311209,-1.63981e-14,0.0643338,-0.165414,1.02187,-1.19112,0.402457,2.09946,1.56491,8.2609e-14,-0.323502,0.831786,-5.13845,5.98955,-2.02376,0,0,0,0,0,0,0,0
