Duration,x^0,x^1,x^2,x^3,x^4,x^5,x^6,x^7,y^0,y^1,y^2,y^3,y^4,y^5,y^6,y^7,z^0,z^1,z^2,z^3,z^4,z^5,z^6,z^7,yaw^0,yaw^1,yaw^2,yaw^3,yaw^4,yaw^5,yaw^6,yaw^7
2.88574,2.7114,0,0,0,1.53634,-1.1687,0.317987,-0.0301624,-2.12472,0,0,0,0.125777,-0.107771,0.0314404,-0.00312796,10.6213,0,0,0,1.02975,-0.778052,0.211133,-0.0200043,0,0,0,0,0,0,0,0
2.98235,8.74256,2.32836,-0.0716388,0.0325005,-0.0132216,-0.169591,0.0758771,-0.0090473,-2.02546,-0.171482,-0.0544748,-0.00388654,-0.706831,0.532963,-0.142441,0.0132141,14.9191,1.84767,0.0319292,0.0151287,0.460276,-0.430332,0.129162,-0.0129187,0,0,0,0,0,0,0,0
4.47729,9.25755,-2.86657,-0.258477,-0.00543538,-0.789118,0.456894,-0.0885615,0.00579612,-5.79477,-1.33815,0.00754352,-0.0122353,0.00995471,0.00651493,-0.00243325,0.000205889,19.7709,0.273036,-0.156386,-0.0159024,-0.204637,0.11748,-0.0224641,0.00145433,0,0,0,0,0,0,0,0
