Duration,x^0,x^1,x^2,x^3,x^4,x^5,x^6,x^7,y^0,y^1,y^2,y^3,y^4,y^5,y^6,y^7,z^0,z^1,z^2,z^3,z^4,z^5,z^6,z^7,yaw^0,yaw^1,yaw^2,yaw^3,yaw^4,yaw^5,yaw^6,yaw^7
3.13334,0,0,0,0,-0.197693,0.129157,-0.0271947,0.0019502,0,0,0,0,0.081647,-0.0585578,0.0139147,-0.00113051,0,0,0,0,1.24676,-0.783048,0.179617,-0.0147227,0,0,0,0,0,0,0,0
3.13334,0,1.55924,1.13623,0.050312,-0.105703,0.0083141,-0.000674486,0.000245261,0,-0.448822,-0.256047,0.021312,0.0641862,-0.00690631,-0.00178269,0.000286834,10,3.98675,-1.12259,-0.411554,0.180258,-0.0318677,0.00542499,-0.000571354,0,0,0,0,0,0,0,0
4.73955,10,1.56408,-1.47951,-0.0457973,0.0623132,0.000673847,-0.00175094,0.000139412,0,1.8136,0.842472,0.0186008,-0.0965091,0.0204324,-0.00232993,0.000125495,10,-2.30166,0.0438297,0.129162,0.0267623,-0.0137116,0.00177702,-8.71404e-05,0,0,0,0,0,0,0,0
3.06799,0,-1.37305,0.734081,0.0207498,0.0293384,-0.0731547,0.0241498,-0.00240384,10,-1.97165,-1.47951,0.0339577,-0.27859,0.385376,-0.122853,0.0122635,10,2.20576,-0.0370635,-0.198711,0.217139,-0.215842,0.0662671,-0.00645333,0,0,0,0,0,0,0,0
3.07739,0,0.0528849,-0.170988,-0.0111849,0.158797,-0.0978916,0.0232344,-0.00198012,0,-0.326946,1.12342,-0.0374982,-0.913141,0.583143,-0.140098,0.0120138,10,-3.76245,-0.703782,0.411554,-1.11226,0.933431,-0.272171,0.0266078,0,0,0,0,0,0,0,0
