Duration,x^0,x^1,x^2,x^3,x^4,x^5,x^6,x^7,y^0,y^1,y^2,y^3,y^4,y^5,y^6,y^7,z^0,z^1,z^2,z^3,z^4,z^5,z^6,z^7,yaw^0,yaw^1,yaw^2,yaw^3,yaw^4,yaw^5,yaw^6,yaw^7
3.56456,0,0,0,0,-0.406921,0.23928,-0.050643,0.00379033,0,0,0,0,0.230644,-0.139503,0.0303797,-0.002332,0,0,0,0,0.416916,-0.242238,0.0516144,-0.00389874,0,0,0,0,0,0,0,0
3.6958,-4.1646,-1.00513,0.517456,0.144645,-0.0455589,-0.000128302,0.00100098,-7.74756e-05,2.22203,0.586102,-0.212496,-0.0950086,-0.393406,0.253937,-0.0551521,0.004126,5.27634,2.2261,-0.0526297,-0.110547,-0.00324368,0.00143758,0.000895408,-0.000145129,0,0,0,0,0,0,0,0
4.66879,-0.276814,2.18681,0.00210748,-0.0416901,-0.0255396,0.00993276,-0.00137078,6.76567e-05,-3.29944,-2.00299,0.0826752,0.0340255,0.0338962,-0.0133873,0.0018634,-9.12285e-05,8.50521,-0.891194,-0.414077,-0.00579119,-0.00513155,0.0131262,-0.00258683,0.00014691,0,0,0,0,0,0,0,0
3.97786,4.70982,-0.659168,-0.43148,-0.0184772,0.0202325,0.0118732,-0.00411634,0.000337564,-6.09032,1.17614,0.399044,0.024536,-0.00612577,-0.023642,0.00689899,-0.000551976,1.7213,0.178687,0.599329,-0.062498,0.0636597,-0.0645458,0.0155111,-0.00114771,0,0,0,0,0,0,0,0
2.25855,0,-0.248043,0.342845,-0.0415649,-0.167901,0.117314,-0.0312641,0.00305035,0,0.295316,-0.405115,0.0338824,0.221515,-0.152695,0.0408697,-0.00402234,3,-1.93414,-0.479724,0.205786,-0.101664,0.352349,-0.192237,0.0296843,0,0,0,0,0,0,0,0
