Duration,x^0,x^1,x^2,x^3,x^4,x^5,x^6,x^7,y^0,y^1,y^2,y^3,y^4,y^5,y^6,y^7,z^0,z^1,z^2,z^3,z^4,z^5,z^6,z^7,yaw^0,yaw^1,yaw^2,yaw^3,yaw^4,yaw^5,yaw^6,yaw^7
0.554359,-0.075683,0,0,0,2.57003,-6.8815,9.43883,-5.01591,-0.105818,0,0,0,6.68187,-21.718,28.779,-13.8881,9.85789,0,0,0,7.5973,-21.3001,24.4181,-10.4995,0,0,0,0,0,0,0,0
3.44111,0,0.447791,0.871927,0.131542,0.0172064,-0.0914419,0.027523,-0.00242932,0,0.516633,0.821082,0.224377,-0.00337105,-0.0891275,0.0273246,-0.00243278,10,0.65636,0.768853,-0.11907,0.146942,-0.170359,0.0505629,-0.00466006,0,0,0,0,0,0,0,0
1.96849,7.33522,1.26232,-0.535357,0.0481521,0.075844,-0.529026,0.328895,-0.057577,8.63512,1.93329,-0.599052,-0.0468513,-0.84207,0.839664,-0.303261,0.038953,12.243,-1.54897,-0.309243,0.06724,0.10973,-0.140215,0.0635317,-0.00983495,0,0,0,0,0,0,0,0
5.57066,6.15685,-2.81133,-0.502372,0.0621532,-0.0210354,0.0153607,-0.00256342,0.000133922,8.75319,-1.54011,-0.53038,0.0661887,-4.06652e-05,0.0033242,-0.000566437,1.99655e-05,8.5818,-1.90228,0.148252,0.0215257,0.0904067,-0.03549,0.00492062,-0.000241544,0,0,0,0,0,0,0,0
2.65361,-6.51447,2.29925,1.23208,0.0112555,-0.0496858,-0.256991,0.115365,-0.0134646,-0.653122,0.635108,0.381779,-0.188606,-0.133895,0.0895871,-0.0211951,0.00221851,9.81789,1.2367,-0.143292,-0.105988,-0.184412,0.134235,-0.0336065,0.00335178,0,0,0,0,0,0,0,0
0.599992,0,-0.183817,-0.198177,1.13361,-5.47187,18.4767,-26.5087,13.2277,0,-0.430549,0.329135,0.627813,-2.04001,5.75344,-9.15729,5.09599,10,-0.605682,0.570222,0.64652,-2.44563,6.77835,-10.7722,6.03106,0,0,0,0,0,0,0,0
