Duration,x^0,x^1,x^2,x^3,x^4,x^5,x^6,x^7,y^0,y^1,y^2,y^3,y^4,y^5,y^6,y^7,z^0,z^1,z^2,z^3,z^4,z^5,z^6,z^7,yaw^0,yaw^1,yaw^2,yaw^3,yaw^4,yaw^5,yaw^6,yaw^7
2.98565,-2.83279,0,0,0,1.74565,-1.33426,0.359784,-0.0336058,2.7948,0,0,0,0.942414,-0.749328,0.206309,-0.019522,6.95615,0,0,0,0.891457,-0.691294,0.187165,-0.0174983,0,0,0,0,0,0,0,0
3.63557,3.10896,1.23977,-0.333979,-0.0435248,-0.384981,0.245107,-0.0532506,0.00399485,4.75592,-0.507884,-0.381264,-0.0185472,-0.707753,0.487656,-0.112733,0.0088607,9.35583,-0.0921596,-0.397165,-0.0158537,-0.838175,0.592109,-0.138874,0.0110168,0,0,0,0,0,0,0,0
3.16934,0.106354,-1.16844,0.180957,0.00429499,0.26639,-0.19126,0.0479322,-0.00415943,-2.86254,-0.468085,0.388408,-0.019145,0.723945,-0.576235,0.155132,-0.0141731,4.46157,1.33843,0.504308,-0.0476215,1.19397,-0.990233,0.273481,-0.0254147,0,0,0,0,0,0,0,0
