Duration,x^0,x^1,x^2,x^3,x^4,x^5,x^6,x^7,y^0,y^1,y^2,y^3,y^4,y^5,y^6,y^7,z^0,z^1,z^2,z^3,z^4,z^5,z^6,z^7,yaw^0,yaw^1,yaw^2,yaw^3,yaw^4,yaw^5,yaw^6,yaw^7
1.27418,2.05799,0,0,0,-10.9184,19.3396,-12.1371,2.64406,2.22274,0,0,0,-5.12894,9.1258,-5.75772,1.25992,11.2099,0,0,0,3.78821,-6.02016,3.51189,-0.724405,0,0,0,0,0,0,0,0
2.15914,0.709371,-0.838717,0.322581,0.109492,3.89249,-4.19177,1.5681,-0.202465,1.58352,-0.452454,0.034897,0.0373264,0.121448,-0.0553567,-0.000525607,0.00210405,12.0549,1.0739,0.124899,0.0370108,1.04044,-1.60796,0.71467,-0.102525,0,0,0,0,0,0,0,0
3.09523,3.98741,1.21171,-0.335497,-0.0156084,-0.827637,0.653255,-0.176098,0.0162232,1.59388,0.438985,0.00376584,0.000212662,0.00600294,-0.0195908,0.00766784,-0.000854557,12.4672,-2.20682,-0.434921,-0.0527783,-1.34996,1.19737,-0.343699,0.0329628,0,0,0,0,0,0,0,0
