Duration,x^0,x^1,x^2,x^3,x^4,x^5,x^6,x^7,y^0,y^1,y^2,y^3,y^4,y^5,y^6,y^7,z^0,z^1,z^2,z^3,z^4,z^5,z^6,z^7,yaw^0,yaw^1,yaw^2,yaw^3,yaw^4,yaw^5,yaw^6,yaw^7
2.02889,7.39052,0,0,0,-3.55949,3.85612,-1.47455,0.196028,-3.41899,0,0,0,1.03313,-0.857279,0.26542,-0.0296005,8.30257,0,0,0,-1.73494,2.03592,-0.829171,0.116164,0,0,0,0,0,0,0,0
2.08933,4.5355,-0.655121,0.876128,-0.1966,1.81104,-2.20696,0.897966,-0.123504,-1.06086,2.17853,0.0109268,-0.125276,-0.764807,0.834293,-0.311239,0.0402559,7.50107,0.213576,0.298891,0.11937,0.386519,-0.288085,0.0688504,-0.00523559,0,0,0,0,0,0,0,0
5.07689,5.07319,-1.18133,-0.797166,0.0255918,-0.0369687,0.0436041,-0.00948697,0.000615639,2.14464,1.26338,-0.0198717,-0.0221157,0.0854059,-0.0423827,0.00729981,-0.000425456,11.0538,3.07701,0.198432,-0.158944,0.178672,-0.0822245,0.0141482,-0.000830194,0,0,0,0,0,0,0,0
