Duration,x^0,x^1,x^2,x^3,x^4,x^5,x^6,x^7,y^0,y^1,y^2,y^3,y^4,y^5,y^6,y^7,z^0,z^1,z^2,z^3,z^4,z^5,z^6,z^7,yaw^0,yaw^1,yaw^2,yaw^3,yaw^4,yaw^5,yaw^6,yaw^7
4.4495,-3.1529,0,0,0,-0.093342,0.0485953,-0.00880237,0.000550762,7.37418,0,0,0,-1.00996,0.519575,-0.0941549,0.00590789,11.942,0,0,0,0.177768,-0.0974364,0.0182059,-0.00116249,0,0,0,0,0,0,0,0
4.23765,-4.27767,0.154962,0.138879,0.00709095,0.30032,-0.169554,0.0329445,-0.00219641,-8.99547,-1.94408,0.526182,0.0541377,0.359796,-0.185902,0.0333136,-0.00208189,12.8284,-0.954023,-0.25162,0.00127194,-0.274156,0.185158,-0.0391393,0.00273944,0,0,0,0,0,0,0,0
4.65637,1.43531,0.828469,-0.113887,-0.00013818,-0.0572696,0.0287663,-0.00498562,0.000297601,0.144906,3.95987,-0.0888891,-0.0263438,-0.165012,0.0676765,-0.00997436,0.000520632,9.55347,2.21017,0.418828,-0.0452271,0.392677,-0.225584,0.0429234,-0.00273665,0,0,0,0,0,0,0,0
