Duration,x^0,x^1,x^2,x^3,x^4,x^5,x^6,x^7,y^0,y^1,y^2,y^3,y^4,y^5,y^6,y^7,z^0,z^1,z^2,z^3,z^4,z^5,z^6,z^7,yaw^0,yaw^1,yaw^2,yaw^3,yaw^4,yaw^5,yaw^6,yaw^7
1.23494,3.20387,0,0,0,-3.97613,4.27605,-1.70434,0.232787,-1.33209,0,0,0,8.09949,-12.2909,6.8768,-1.37813,9.2917,0,0,0,12.0049,-20.5019,12.467,-2.666,0,0,0,0,0,0,0,0
1.9568,1.21224,-3.81903,-1.26888,0.323463,-3.6318,5.52571,-2.56773,0.391157,0.558945,2.37737,-0.579825,-0.590826,-2.14232,2.92494,-1.22499,0.173104,10.8695,0.674355,-2.13769,-0.791351,-5.66576,8.04863,-3.49873,0.508259,0,0,0,0,0,0,0,0
1.88097,-4.59436,2.87433,2.17606,-0.578499,2.31257,-4.35886,2.31704,-0.390299,1.31543,0.695086,0.777857,-0.100613,1.30549,-2.19747,1.10628,-0.180816,5.33436,0.909536,2.86954,-0.432394,4.65494,-7.44218,3.67217,-0.593547,0,0,0,0,0,0,0,0
