Duration,x^0,x^1,x^2,x^3,x^4,x^5,x^6,x^7,y^0,y^1,y^2,y^3,y^4,y^5,y^6,y^7,z^0,z^1,z^2,z^3,z^4,z^5,z^6,z^7,yaw^0,yaw^1,yaw^2,yaw^3,yaw^4,yaw^5,yaw^6,yaw^7
2.51009,-0.901915,0,0,0,-0.895516,0.811979,-0.260109,0.0288599,-1.14724,0,0,0,2.24089,-2.05664,0.664047,-0.0740897,11.0993,0,0,0,-1.23538,1.00781,-0.299069,0.031289,0,0,0,0,0,0,0,0
2.56885,-2.48134,-0.465174,0.0670371,-0.00659754,-1.97622,1.82595,-0.58764,0.0649858,2.45218,0.836317,-0.167046,0.0172147,-0.764316,0.674945,-0.209977,0.022627,7.32187,-2.13544,0.0734343,-0.0286002,-0.461253,0.643495,-0.246123,0.0300459,0,0,0,0,0,0,0,0
4.13755,-6.03837,-0.378838,0.11713,-0.00311484,0.108285,-0.0648929,0.0132234,-0.000917636,2.37247,0.031584,0.116124,-0.000201297,0.16421,-0.102089,0.0212581,-0.00149702,5.18727,1.75329,0.489343,0.045294,0.852791,-0.549771,0.116319,-0.00826951,0,0,0,0,0,0,0,0
