Duration,x^0,x^1,x^2,x^3,x^4,x^5,x^6,x^7,y^0,y^1,y^2,y^3,y^4,y^5,y^6,y^7,z^0,z^1,z^2,z^3,z^4,z^5,z^6,z^7,yaw^0,yaw^1,yaw^2,yaw^3,yaw^4,yaw^5,yaw^6,yaw^7
3.44296,-4.88236,0,0,0,0.742026,-0.478379,0.109909,-0.00879665,3.57058,0,0,0,-1.17885,0.765067,-0.176056,0.0140698,10.6772,0,0,0,0.272971,-0.208757,0.0524963,-0.00444525,0,0,0,0,0,0,0,0
3.01941,0.574374,1.50886,-0.173519,-0.0365033,-0.453774,0.323467,-0.0814827,0.00718455,-4.50774,-1.9228,0.262741,-0.0543749,0.663399,-0.437271,0.106108,-0.00910142,9.98835,-1.55241,-0.297635,0.001646,-1.54719,1.31622,-0.374475,0.0360308,0,0,0,0,0,0,0,0
2.83323,0.699403,-0.660631,-0.00817317,0.0131415,-0.839679,0.737585,-0.222006,0.0227365,-4.43423,0.998429,0.0121513,0.0332504,1.23906,-1.11313,0.337383,-0.0346673,3.03347,0.574931,0.41961,-0.0375935,1.46745,-1.32677,0.404164,-0.0416484,0,0,0,0,0,0,0,0
