Duration,x^0,x^1,x^2,x^3,x^4,x^5,x^6,x^7,y^0,y^1,y^2,y^3,y^4,y^5,y^6,y^7,z^0,z^1,z^2,z^3,z^4,z^5,z^6,z^7,yaw^0,yaw^1,yaw^2,yaw^3,yaw^4,yaw^5,yaw^6,yaw^7
4.70835,0,0,0,0,-0.308236,0.145488,-0.0242499,0.00140325,0,0,0,0,0.181376,-0.0877063,0.0148067,-0.000864909,3.07513,0,0,0,0.786203,-0.373516,0.0628135,-0.00367247,0,0,0,0,0,0,0,0
2.90313,-7.04946,-0.849251,0.281864,-0.0386011,0.0483353,0.0421978,-0.0256345,0.00339203,3.14054,-0.181126,-0.297798,0.00542076,-0.542694,0.478857,-0.13945,0.0137448,21.1213,2.4255,-0.703629,-0.0388358,0.0237647,-0.13755,0.0636063,-0.00792663,0,0,0,0,0,0,0,0
4.22602,-5.39978,2.02649,0.090764,-0.0321065,0.180577,-0.119951,0.0259573,-0.00186143,0.840616,0.244489,0.411411,-0.0070169,0.600985,-0.363995,0.0741055,-0.00510648,18.9079,-3.6869,-0.0501972,0.0635315,-0.290495,0.189507,-0.0408926,0.0029318,0,0,0,0,0,0,0,0
