Duration,x^0,x^1,x^2,x^3,x^4,x^5,x^6,x^7,y^0,y^1,y^2,y^3,y^4,y^5,y^6,y^7,z^0,z^1,z^2,z^3,z^4,z^5,z^6,z^7,yaw^0,yaw^1,yaw^2,yaw^3,yaw^4,yaw^5,yaw^6,yaw^7
2.40717,0,0,0,0,1.99718,-1.68345,0.513766,-0.0554121,0,0,0,0,-0.577604,0.585565,-0.199705,0.0233171,3,0,0,0,0.754861,-0.558695,0.154316,-0.0154009,0,0,0,0,0,0,0,0
2.27344,5,2.49108,-0.675053,-0.111965,0.104195,-0.280987,0.148653,-0.0226247,0,0.988763,0.591436,0.0592908,0.329822,-0.37786,0.128332,-0.0145997,6,2.18199,-0.104488,-0.154752,-0.427514,0.435417,-0.142532,0.0161009,0,0,0,0,0,0,0,0
2.97026,5,-2.6468,-0.513272,0.0935146,-0.489138,0.428993,-0.126253,0.0125167,5,2.28157,-0.372825,0.0371424,0.0745179,-0.179348,0.0679906,-0.00759258,9,0.995642,0.166744,0.0202937,0.0841676,-0.101177,0.0304478,-0.00295567,0,0,0,0,0,0,0,0
3.0002,-5,-2.50305,0.209559,0.0592452,0.328964,-0.16731,0.0299568,-0.00174002,5,-3.12097,-0.576234,0.0493949,0.148069,-0.0596267,0.00940872,-0.000524665,12,-0.0020433,-0.511488,-0.000291992,0.0219565,0.000921937,-0.00037462,-5.11086e-05,0,0,0,0,0,0,0,0
3.31168,-5,2.91964,0.851509,0.192835,-0.0396671,-0.124471,0.0414778,-0.00374837,-5,-2.3613,0.519103,0.0531266,-0.0993378,0.0860329,-0.0236103,0.00206506,9,-1.14109,0.204489,-0.00107798,0.129636,-0.113517,0.0299278,-0.00258183,0,0,0,0,0,0,0,0
2.71851,5,-1.19668,-1.57092,0.365996,-0.425754,0.576084,-0.218404,0.0258669,-5,2.77405,0.433617,-0.284344,0.274264,-0.342326,0.132041,-0.0159318,6,-1.57189,-0.1062,0.136995,-0.415573,0.407635,-0.137259,0.0153846,0,0,0,0,0,0,0,0
