Duration,x^0,x^1,x^2,x^3,x^4,x^5,x^6,x^7,y^0,y^1,y^2,y^3,y^4,y^5,y^6,y^7,z^0,z^1,z^2,z^3,z^4,z^5,z^6,z^7,yaw^0,yaw^1,yaw^2,yaw^3,yaw^4,yaw^5,yaw^6,yaw^7
2.64316,-3.36293,0,0,0,1.83885,-1.41113,0.385335,-0.0370398,-2.31159,0,0,0,2.79063,-2.20556,0.615207,-0.0602784,6.85623,0,0,0,0.5066,-0.376607,0.0981234,-0.00901792,0,0,0,0,0,0,0,0
2.68984,2.35218,1.30617,-1.73158,-0.107986,0.0805543,0.193084,-0.0837133,0.00968661,4.81044,0.199265,-3.19475,-0.348293,0.148013,0.394202,-0.165071,0.0186205,8.32835,-0.0613482,-0.900916,-0.121304,-0.0240159,0.154135,-0.0564184,0.00607386,0,0,0,0,0,0,0,0
1.57805,0.802421,1.41255,1.3805,-0.107251,3.22164,-6.8332,4.16873,-0.818742,-4.84219,0.061349,2.58028,-0.368837,-0.337221,-1.61004,1.45926,-0.332181,4.54992,-0.628678,0.733821,-0.0589956,0.0519274,-0.436498,0.316352,-0.0657116,0,0,0,0,0,0,0,0
