Duration,x^0,x^1,x^2,x^3,x^4,x^5,x^6,x^7,y^0,y^1,y^2,y^3,y^4,y^5,y^6,y^7,z^0,z^1,z^2,z^3,z^4,z^5,z^6,z^7,yaw^0,yaw^1,yaw^2,yaw^3,yaw^4,yaw^5,yaw^6,yaw^7
3.15349,-3.16221,0,0,0,-0.631499,0.479933,-0.12569,0.011291,-4.45757,0,0,0,0.854617,-0.571731,0.137989,-0.0116813,3.11508,0,0,0,1.81235,-1.30092,0.329421,-0.028907,0,0,0,0,0,0,0,0
3.00209,-4.53403,0.639369,0.324206,0.0100137,1.52451,-1.26592,0.355982,-0.0340607,1.23642,2.28465,-0.110386,0.0387684,-0.210936,0.0355607,0.010846,-0.00230234,10.9582,1.47665,-0.481076,0.0482138,-1.53396,1.19762,-0.325517,0.0304487,0,0,0,0,0,0,0,0
2.51962,1.45924,0.0130051,-0.353968,0.0261229,-1.75252,1.74205,-0.588973,0.0676757,2.56722,-1.64568,-0.121257,0.0344874,-1.30534,1.37663,-0.48247,0.0567665,8.41963,0.0358243,0.351252,-0.0207012,1.92702,-1.91429,0.646887,-0.0743091,0,0,0,0,0,0,0,0
