Duration,x^0,x^1,x^2,x^3,x^4,x^5,x^6,x^7,y^0,y^1,y^2,y^3,y^4,y^5,y^6,y^7,z^0,z^1,z^2,z^3,z^4,z^5,z^6,z^7,yaw^0,yaw^1,yaw^2,yaw^3,yaw^4,yaw^5,yaw^6,yaw^7
4.55807,-8.96542,0,0,0,0.648877,-0.323231,0.0567475,-0.00345519,-7.22406,0,0,0,0.359303,-0.170324,0.0289279,-0.00171997,5.1871,0,0,0,0.434452,-0.215456,0.0378019,-0.00230254,0,0,0,0,0,0,0,0
3.95193,2.84083,1.18043,-0.545954,-0.0452385,-0.7445,0.473276,-0.100512,0.00725798,1.87542,2.02195,-0.270794,-0.0314791,-0.244197,0.149891,-0.0307506,0.00215975,13.6965,1.26866,-0.255973,-0.031978,-0.0705355,0.025512,-0.00246564,2.64669e-05,0,0,0,0,0,0,0,0
3.37593,-2.82666,0.354433,0.435442,-0.0103883,0.924446,-0.707378,0.181143,-0.0156714,3.98787,0.663738,0.197284,-0.00306837,0.800765,-0.604148,0.153854,-0.0132744,11.1319,-2.10745,0.0160358,0.0197677,-0.285703,0.243875,-0.0666892,0.00601866,0,0,0,0,0,0,0,0
