Duration,x^0,x^1,x^2,x^3,x^4,x^5,x^6,x^7,y^0,y^1,y^2,y^3,y^4,y^5,y^6,y^7,z^0,z^1,z^2,z^3,z^4,z^5,z^6,z^7,yaw^0,yaw^1,yaw^2,yaw^3,yaw^4,yaw^5,yaw^6,yaw^7
5.10138,5.22887,0,0,0,-0.0184517,0.0148815,-0.00306572,0.000198758,8.42297,0,0,0,-0.34977,0.146872,-0.0217993,0.00113609,13.9661,0,0,0,0.109421,-0.0379908,0.00512709,-0.000259399,0,0,0,0,0,0,0,0
4.20139,7.98452,1.56484,0.151911,0.0675569,-0.286123,0.131456,-0.0239698,0.00157758,-3.08988,-0.117069,1.34382,0.133692,-0.00288135,-0.0478581,0.0105674,-0.00065712,23.858,3.73859,-0.0858859,-0.189409,-0.054549,0.0225814,-0.002769,0.000145869,0,0,0,0,0,0,0,0
2.80926,9.80671,-1.19635,-0.470059,0.114485,-0.579077,0.584926,-0.191183,0.0206445,9.44177,0.543459,-1.4441,0.145277,0.0427998,0.131534,-0.06645,0.0084673,24.708,-4.14837,-0.435338,0.363538,-0.197387,0.281159,-0.114219,0.0139049,0,0,0,0,0,0,0,0
