Duration,x^0,x^1,x^2,x^3,x^4,x^5,x^6,x^7,y^0,y^1,y^2,y^3,y^4,y^5,y^6,y^7,z^0,z^1,z^2,z^3,z^4,z^5,z^6,z^7,yaw^0,yaw^1,yaw^2,yaw^3,yaw^4,yaw^5,yaw^6,yaw^7
1.07887,0,0,0,0,0,0,0,0,0,0,0,0,0,0,0,0,1.17784,0,0,0,5.11062,-8.07355,4.76482,-1.01443,0,0,0,0,0,0,0,0
1.12365,0,0,0,0,0,0,0,0,0,0,0,0,0,0,0,0,2.08892,1.56984,1.68292e-13,-0.350939,-0.877979,-0.0784128,1.1254,-0.477558,0,0,0,0,0,0,0,0
