Duration,x^0,x^1,x^2,x^3,x^4,x^5,x^6,x^7,y^0,y^1,y^2,y^3,y^4,y^5,y^6,y^7,z^0,z^1,z^2,z^3,z^4,z^5,z^6,z^7,yaw^0,yaw^1,yaw^2,yaw^3,yaw^4,yaw^5,yaw^6,yaw^7
4.79805,0,0,0,0,-0.403241,0.16539,-0.0242759,0.00126283,0,0,0,0,-0.280093,0.111753,-0.0158788,0.00080571,2.99834,0,0,0,0.23576,-0.0870242,0.0123912,-0.000650905,0,0,0,0,0,0,0,0
6.92067,-15.4039,-2.42664,1.43604,0.131426,-0.061065,0.00530885,-0.000206518,5.07562e-06,-10.8395,-1.07457,1.54365,0.218009,-0.0810781,0.00517544,-3.41208e-05,-1.90466e-06,19.7338,7.02461,0.188244,-0.209168,0.0699164,-0.0219929,0.00280263,-0.000119765,0,0,0,0,0,0,0,0
4.69499,5.5152,0.493427,-1.20061,0.022123,0.12536,-0.0520335,0.00951269,-0.000619344,18.8965,-1.23612,-1.88385,0.0732359,0.0385853,0.0145876,-0.00446735,0.000308612,36.1231,-5.12793,-0.453411,0.156449,-0.119636,0.0813535,-0.0164697,0.0010685,0,0,0,0,0,0,0,0
5.1272,-3.39252,-0.0646723,1.50211,0.0636259,-0.343876,0.127772,-0.0191946,0.00103962,-1.15569,-0.678832,1.57257,0.0150639,-0.126821,0.027487,-0.00294877,0.000138847,23.0344,3.75975,1.27215,-0.0759059,0.138858,-0.090567,0.0160656,-0.000914875,0,0,0,0,0,0,0,0
6.15771,7.55373,0.594567,-1.15718,0.00285246,0.146418,-0.0387541,0.00401617,-0.000152402,7.84793,-1.79481,-1.38655,0.0492978,-0.018583,0.0300613,-0.00576854,0.000316912,47.2282,-2.05484,-1.60181,0.142978,-0.206593,0.0986754,-0.0149466,0.000741769,0,0,0,0,0,0,0,0
