Duration,x^0,x^1,x^2,x^3,x^4,x^5,x^6,x^7,y^0,y^1,y^2,y^3,y^4,y^5,y^6,y^7,z^0,z^1,z^2,z^3,z^4,z^5,z^6,z^7,yaw^0,yaw^1,yaw^2,yaw^3,yaw^4,yaw^5,yaw^6,yaw^7
0.00124194,-7.87804,0,0,0,0,0,0,0,9.76945,0,0,0,0,-32,32768,-8.38861e+06,3.00092,0,0,0,-1.30141e+09,1.63469e+12,-7.42491e+14,1.16463e+17,0,0,0,0,0,0,0,0
0.00124194,-7.87804,-5.22476e-25,-1.32654e-09,0,0.015625,0,0,0,9.76945,-1.61169e-12,1.32654e-09,0,0.03125,-32,32768,-8.38861e+06,3.00046,-0.698037,1.37901e-10,0,5.20563e+08,-1.25745e+11,-2.69997e+14,1.16463e+17,0,0,0,0,0,0,0,0
