Duration,x^0,x^1,x^2,x^3,x^4,x^5,x^6,x^7,y^0,y^1,y^2,y^3,y^4,y^5,y^6,y^7,z^0,z^1,z^2,z^3,z^4,z^5,z^6,z^7,yaw^0,yaw^1,yaw^2,yaw^3,yaw^4,yaw^5,yaw^6,yaw^7
2.30558,-8.73597,0,0,0,1.1284,-0.815139,0.219265,-0.0212141,7.87393,0,0,0,-1.0592,0.794025,-0.224979,0.0232625,2.17156,0,0,0,0.11293,-0.0852205,0.0243054,-0.00252849,0,0,0,0,0,0,0,0
2.34035,-4.36798,3.555,-2.85472e-14,-0.159115,-0.17869,-0.0676744,0.0876344,-0.0161223,3.93696,-3.22532,-7.30412e-15,0.30018,-0.0739241,0.201042,-0.117075,0.0184715,2.58578,0.338132,-3.37851e-15,-0.031583,0.00967506,-0.0229764,0.0129414,-0.00201746,0,0,0,0,0,0,0,0
