Duration,x^0,x^1,x^2,x^3,x^4,x^5,x^6,x^7,y^0,y^1,y^2,y^3,y^4,y^5,y^6,y^7,z^0,z^1,z^2,z^3,z^4,z^5,z^6,z^7,yaw^0,yaw^1,yaw^2,yaw^3,yaw^4,yaw^5,yaw^6,yaw^7
3.98491,-2.35841,0,0,0,-0.118235,0.0738818,-0.0152074,0.00106474,4.33898,0,0,0,-0.752556,0.411383,-0.0806136,0.00552098,9.47931,0,0,0,0.573662,-0.312944,0.0612374,-0.00418983,0,0,0,0,0,0,0,0
4.55195,-1.83722,1.38159,0.433582,-0.00160876,0.57594,-0.330447,0.0624504,-0.00397627,-6.7497,-3.08201,0.204849,0.0339381,0.16701,-0.0758213,0.0120954,-0.000678082,18.0277,2.40526,-0.157576,-0.0275347,-0.134313,0.0568439,-0.00854582,0.0004545,0,0,0,0,0,0,0,0
4.51185,9.29932,-2.16761,-0.665482,0.0695232,-0.677741,0.392893,-0.0762254,0.00497815,-9.66728,0.741178,-0.0166216,-0.00861584,-0.0450764,0.0208595,-0.00341876,0.000196901,18.9212,-1.29326,0.000365544,0.0142548,0.00557221,0.00386161,-0.00159411,0.000139779,0,0,0,0,0,0,0,0
