traj,v_p,gp,c_x,c_y,c_z
circle,10,0,-0.668,-0.5843,0.000032
circle,10,2,-0.2715,-0.2705,0.000104
circle,20,0,-1.668,-1.5843,1.000032
circle,20,2,-1.2715,-1.2705,1.000104